"System Name","Distance To Arrival","Distance Remaining","Neutron Star","Jumps"
"HIP 36601","0","1583.85156109344","No","0"
"PSR J0751+1807","372.758794853488","1242.27422102947","Yes","9"
"Wregoe EV-Y d4","278.693416692631","1022.07068510527","Yes","4"
"PSR J0659+1414","206.754602899942","861.521130444939","Yes","2"
"Synuefe YV-T d4-30","343.523102673332","625.955397116829","Yes","5"
"Synuefe EN-Q d6-38","209.225536671106","422.581729798361","Yes","2"
"Synuefe BY-F d12-39","422.581729798361","0","No","7"
