"System Name","Distance To Arrival","Distance Remaining","Neutron Star","Jumps"
"Shinrarta Dezhra","0","1606.93365588442","No","0"
"Jackson's Lighthouse","147.261098239445","1518.83723964975","Yes","4"
"Synuefe EN-Q d6-38","448.740909988019","1208.16617962022","Yes","7"
"Synuefe YV-T d4-30","209.225536671106","1074.80883338402","Yes","2"
"PSR J0633+1746","323.121924852388","849.398478566229","Yes","5"
"PSR J0659+1414","145.441743599456","751.673711886098","Yes","1"
"Wregoe EV-Y d4","206.754602899942","590.050496879028","Yes","2"
"PSR J0751+1807","278.693416692631","372.758794853488","Yes","4"
"HIP 36601","372.758794853488","0","No","6"
